[
  {
    "type": "insertion",
    "pivotNodes": [
      {
        "panBlock": "Node_B",
        "startPosition": 0,
        "strand": 1
      }
    ],
    "pathNodes": [
      {
        "panBlock": "Node_A_0",
        "startPosition": 0,
        "strand": 1
      },
      {
        "panBlock": "Node_A_1",
        "startPosition": 111,
        "strand": 1
      }
    ]
  },
  {
    "type": "match",
    "pivotNodes": [
      {
        "panBlock": "Node_B",
        "startPosition": 0,
        "strand": 1
      }
    ],
    "pathNodes": [
      {
        "panBlock": "Node_B",
        "startPosition": 222,
        "strand": 1
      }
    ]
  },
  {
    "type": "deletion",
    "pivotNodes": [
      {
        "panBlock": "Node_C",
        "startPosition": 456,
        "strand": 1
      }
    ],
    "pathNodes": []
  },
  {
    "type": "match",
    "pivotNodes": [
      {
        "panBlock": "Node_D",
        "startPosition": 860,
        "strand": 1
      },
      {
        "panBlock": "Node_E",
        "startPosition": 947,
        "strand": 1
      },
      {
        "panBlock": "Node_F",
        "startPosition": 1202,
        "strand": 1
      },
      {
        "panBlock": "Node_G",
        "startPosition": 1771,
        "strand": 1
      },
      {
        "panBlock": "Node_H_0",
        "startPosition": 2226,
        "strand": -1
      }
    ],
    "pathNodes": [
      {
        "panBlock": "Node_D",
        "startPosition": 678,
        "strand": 1
      },
      {
        "panBlock": "Node_E",
        "startPosition": 765,
        "strand": 1
      },
      {
        "panBlock": "Node_F",
        "startPosition": 1020,
        "strand": 1
      },
      {
        "panBlock": "Node_G",
        "startPosition": 1589,
        "strand": 1
      },
      {
        "panBlock": "Node_H_0",
        "startPosition": 2044,
        "strand": -1
      }
    ]
  },
  {
    "type": "swap",
    "pivotNodes": [
      {
        "panBlock": "Node_L",
        "startPosition": 2448,
        "strand": 1
      }
    ],
    "pathNodes": [
      {
        "panBlock": "Node_H_1",
        "startPosition": 2266,
        "strand": -1
      },
      {
        "panBlock": "Node_I",
        "startPosition": 2488,
        "strand": 1
      },
      {
        "panBlock": "Node_J",
        "startPosition": 2546,
        "strand": 1
      },
      {
        "panBlock": "Node_A_2",
        "startPosition": 2822,
        "strand": 1
      }
    ]
  },
  {
    "type": "match",
    "pivotNodes": [
      {
        "panBlock": "Node_N",
        "startPosition": 2914,
        "strand": -1
      },
      {
        "panBlock": "Node_M",
        "startPosition": 3459,
        "strand": -1
      },
      {
        "panBlock": "Node_O",
        "startPosition": 3627,
        "strand": 1
      },
      {
        "panBlock": "Node_P",
        "startPosition": 4367,
        "strand": 1
      }
    ],
    "pathNodes": [
      {
        "panBlock": "Node_N",
        "startPosition": 2933,
        "strand": -1
      },
      {
        "panBlock": "Node_M",
        "startPosition": 3478,
        "strand": -1
      },
      {
        "panBlock": "Node_O",
        "startPosition": 3646,
        "strand": 1
      },
      {
        "panBlock": "Node_P",
        "startPosition": 4386,
        "strand": 1
      }
    ]
  },
  {
    "type": "inversion",
    "pivotNodes": [
      {
        "panBlock": "Node_Q",
        "startPosition": 4854,
        "strand": 1
      }
    ],
    "pathNodes": [
      {
        "panBlock": "Node_Q",
        "startPosition": 4873,
        "strand": -1
      }
    ]
  },
  {
    "type": "match",
    "pivotNodes": [
      {
        "panBlock": "Node_R",
        "startPosition": 5109,
        "strand": 1
      },
      {
        "panBlock": "Node_U",
        "startPosition": 5230,
        "strand": 1
      }
    ],
    "pathNodes": [
      {
        "panBlock": "Node_R",
        "startPosition": 5128,
        "strand": 1
      },
      {
        "panBlock": "Node_U",
        "startPosition": 5249,
        "strand": 1
      }
    ]
  },
  {
    "type": "swap",
    "pivotNodes": [
      {
        "panBlock": "Node_A_4",
        "startPosition": 11108,
        "strand": 1
      },
      {
        "panBlock": "Node_A_5",
        "startPosition": 11219,
        "strand": 1
      }
    ],
    "pathNodes": [
      {
        "panBlock": "Node_V",
        "startPosition": 5897,
        "strand": 1
      },
      null
    ]
  }
]