[
  {
    "type": "match",
    "pivotNodes": [
      {
        "panBlock": "Node_B",
        "startPosition": 0,
        "strand": 1
      }
    ],
    "pathNodes": [
      {
        "panBlock": "Node_B",
        "startPosition": 0,
        "strand": 1
      }
    ]
  },
  {
    "type": "swap",
    "pivotNodes": [
      {
        "panBlock": "Node_C",
        "startPosition": 456,
        "strand": 1
      },
      {
        "panBlock": "Node_D",
        "startPosition": 860,
        "strand": 1
      }
    ],
    "pathNodes": [
      {
        "panBlock": "Node_G",
        "startPosition": 456,
        "strand": -1
      },
      {
        "panBlock": "Node_F",
        "startPosition": 911,
        "strand": -1
      }
    ]
  },
  {
    "type": "inversion",
    "pivotNodes": [
      {
        "panBlock": "Node_E",
        "startPosition": 947,
        "strand": 1
      }
    ],
    "pathNodes": [
      {
        "panBlock": "Node_E",
        "startPosition": 1480,
        "strand": -1
      }
    ]
  },
  {
    "type": "deletion",
    "pivotNodes": [
      {
        "panBlock": "Node_F",
        "startPosition": 1202,
        "strand": 1
      },
      {
        "panBlock": "Node_G",
        "startPosition": 1771,
        "strand": 1
      }
    ],
    "pathNodes": []
  },
  {
    "type": "match",
    "pivotNodes": [
      {
        "panBlock": "Node_H_0",
        "startPosition": 2226,
        "strand": -1
      }
    ],
    "pathNodes": [
      {
        "panBlock": "Node_H_0",
        "startPosition": 1735,
        "strand": -1
      }
    ]
  },
  {
    "type": "insertion",
    "pivotNodes": [
      {
        "panBlock": "Node_L",
        "startPosition": 2448,
        "strand": 1
      }
    ],
    "pathNodes": [
      {
        "panBlock": "Node_H_1",
        "startPosition": 1957,
        "strand": 1
      },
      {
        "panBlock": "Node_I",
        "startPosition": 2179,
        "strand": 1
      },
      {
        "panBlock": "Node_J",
        "startPosition": 2237,
        "strand": 1
      },
      {
        "panBlock": "Node_K",
        "startPosition": 2513,
        "strand": 1
      }
    ]
  },
  {
    "type": "match",
    "pivotNodes": [
      {
        "panBlock": "Node_L",
        "startPosition": 2448,
        "strand": 1
      }
    ],
    "pathNodes": [
      {
        "panBlock": "Node_L",
        "startPosition": 2833,
        "strand": 1
      }
    ]
  },
  {
    "type": "swap",
    "pivotNodes": [
      {
        "panBlock": "Node_N",
        "startPosition": 2914,
        "strand": -1
      }
    ],
    "pathNodes": [
      {
        "panBlock": "Node_A_2",
        "startPosition": 3299,
        "strand": 1
      },
      {
        "panBlock": "Node_A_3",
        "startPosition": 3410,
        "strand": 1
      }
    ]
  },
  {
    "type": "inversion",
    "pivotNodes": [
      {
        "panBlock": "Node_M",
        "startPosition": 3459,
        "strand": -1
      }
    ],
    "pathNodes": [
      {
        "panBlock": "Node_M",
        "startPosition": 3521,
        "strand": 1
      }
    ]
  },
  {
    "type": "insertion",
    "pivotNodes": [
      {
        "panBlock": "Node_O",
        "startPosition": 3627,
        "strand": 1
      }
    ],
    "pathNodes": [
      {
        "panBlock": "Node_N",
        "startPosition": 3689,
        "strand": 1
      }
    ]
  },
  {
    "type": "match",
    "pivotNodes": [
      {
        "panBlock": "Node_O",
        "startPosition": 3627,
        "strand": 1
      }
    ],
    "pathNodes": [
      {
        "panBlock": "Node_O",
        "startPosition": 4234,
        "strand": 1
      }
    ]
  },
  {
    "type": "swap",
    "pivotNodes": [
      {
        "panBlock": "Node_P",
        "startPosition": 4367,
        "strand": 1
      },
      {
        "panBlock": "Node_Q",
        "startPosition": 4854,
        "strand": 1
      },
      {
        "panBlock": "Node_R",
        "startPosition": 5109,
        "strand": 1
      }
    ],
    "pathNodes": [
      {
        "panBlock": "Node_S",
        "startPosition": 4974,
        "strand": 1
      },
      {
        "panBlock": "Node_T",
        "startPosition": 5328,
        "strand": -1
      }
    ]
  },
  {
    "type": "match",
    "pivotNodes": [
      {
        "panBlock": "Node_U",
        "startPosition": 5230,
        "strand": 1
      },
      {
        "panBlock": "Node_A_4",
        "startPosition": 11108,
        "strand": 1
      }
    ],
    "pathNodes": [
      {
        "panBlock": "Node_U",
        "startPosition": 5780,
        "strand": 1
      },
      {
        "panBlock": "Node_A_4",
        "startPosition": 6428,
        "strand": 1
      }
    ]
  },
  {
    "type": "swap",
    "pivotNodes": [
      {
        "panBlock": "Node_A_5",
        "startPosition": 11219,
        "strand": 1
      }
    ],
    "pathNodes": [
      null
    ]
  }
]